product_name,category,price,week,likes,comments,shares,mentions,sentiment_score,trend_score,historical_sales,demand
Wireless Earbuds,Electronics,1999,1,2797,207,112,29,0.756,0.832,267,303
Wireless Earbuds,Electronics,1999,2,1296,85,44,16,0.588,0.707,138,129
Wireless Earbuds,Electronics,1999,3,3260,172,120,58,0.736,0.557,267,305
Wireless Earbuds,Electronics,1999,4,947,59,21,15,0.827,0.43,107,83
Wireless Earbuds,Electronics,1999,5,3278,274,153,78,0.748,0.809,311,342
Wireless Earbuds,Electronics,1999,6,2174,128,61,37,0.762,0.581,189,213
Wireless Earbuds,Electronics,1999,7,393,28,17,8,0.693,0.538,59,70
Wireless Earbuds,Electronics,1999,8,684,39,30,12,0.711,0.831,117,116
Wireless Earbuds,Electronics,1999,9,5231,396,189,88,0.668,0.639,424,486
Wireless Earbuds,Electronics,1999,10,4020,220,133,83,0.615,0.56,335,363
Wireless Earbuds,Electronics,1999,11,5005,403,189,108,0.68,0.771,437,496
Wireless Earbuds,Electronics,1999,12,3426,272,62,57,0.536,0.574,281,284
Wireless Earbuds,Electronics,1999,13,6211,408,273,88,0.718,0.349,489,508
Wireless Earbuds,Electronics,1999,14,615,40,12,7,0.695,0.704,96,83
Wireless Earbuds,Electronics,1999,15,6443,463,297,77,0.616,0.899,580,697
Wireless Earbuds,Electronics,1999,16,3506,274,104,39,0.733,0.559,284,312
Wireless Earbuds,Electronics,1999,17,4321,313,139,103,0.67,0.491,352,383
Wireless Earbuds,Electronics,1999,18,5409,363,203,65,0.754,0.791,440,502
Wireless Earbuds,Electronics,1999,19,6099,490,285,115,0.749,0.803,546,627
Wireless Earbuds,Electronics,1999,20,5502,296,244,66,0.871,0.502,455,517
Smart Watch,Wearables,3499,1,4180,203,132,52,0.834,0.607,344,393
Smart Watch,Wearables,3499,2,3315,214,83,67,0.581,0.737,281,316
Smart Watch,Wearables,3499,3,453,28,24,11,0.661,0.79,108,103
Smart Watch,Wearables,3499,4,1988,133,104,39,0.605,0.678,211,211
Smart Watch,Wearables,3499,5,6024,439,265,85,0.838,0.541,511,576
Smart Watch,Wearables,3499,6,5921,385,281,112,0.844,0.767,505,609
Smart Watch,Wearables,3499,7,2323,158,44,36,0.487,0.714,207,217
Smart Watch,Wearables,3499,8,616,36,13,10,0.627,0.772,91,93
Smart Watch,Wearables,3499,9,664,44,27,13,0.722,0.73,119,113
Smart Watch,Wearables,3499,10,2027,97,38,49,0.786,0.806,173,192
Smart Watch,Wearables,3499,11,1247,83,55,23,0.769,0.947,147,190
Smart Watch,Wearables,3499,12,1873,141,34,18,0.778,0.789,177,196
Smart Watch,Wearables,3499,13,3557,184,121,52,0.921,0.888,308,368
Smart Watch,Wearables,3499,14,4521,358,191,48,0.746,0.542,397,429
Smart Watch,Wearables,3499,15,6829,413,285,107,0.809,0.663,557,642
Smart Watch,Wearables,3499,16,5914,282,128,49,0.757,0.538,418,457
Smart Watch,Wearables,3499,17,5278,409,150,52,0.844,0.911,452,551
Smart Watch,Wearables,3499,18,5545,288,253,120,0.717,0.671,471,527
Smart Watch,Wearables,3499,19,3109,246,105,64,0.667,0.697,287,325
Smart Watch,Wearables,3499,20,5877,474,190,48,0.762,0.627,488,553
Phone Case,Accessories,699,1,3887,220,117,75,0.82,0.77,316,373
Phone Case,Accessories,699,2,3453,277,106,34,0.774,0.549,291,324
Phone Case,Accessories,699,3,856,41,41,17,0.87,0.564,102,126
Phone Case,Accessories,699,4,880,59,29,20,0.718,0.47,106,103
Phone Case,Accessories,699,5,582,28,24,12,0.784,0.666,78,73
Phone Case,Accessories,699,6,5162,431,95,126,0.749,0.652,415,456
Phone Case,Accessories,699,7,6358,446,278,99,0.876,0.977,551,703
Phone Case,Accessories,699,8,3922,206,137,54,0.621,0.677,329,389
Phone Case,Accessories,699,9,2502,181,60,58,0.816,0.916,250,293
Phone Case,Accessories,699,10,5064,233,161,110,0.497,0.894,401,479
Phone Case,Accessories,699,11,2811,132,140,61,0.917,0.706,257,284
Phone Case,Accessories,699,12,1346,93,35,26,0.521,0.88,163,167
Phone Case,Accessories,699,13,4083,268,202,70,0.853,0.68,356,414
Phone Case,Accessories,699,14,583,40,25,6,0.858,0.333,65,45
Phone Case,Accessories,699,15,6142,402,288,90,0.848,0.71,522,626
Phone Case,Accessories,699,16,2086,175,75,28,0.55,0.771,223,231
Phone Case,Accessories,699,17,1534,124,54,29,0.662,0.564,154,156
Phone Case,Accessories,699,18,868,55,22,12,0.975,0.656,104,118
Phone Case,Accessories,699,19,7301,346,206,158,0.624,0.754,529,598
Phone Case,Accessories,699,20,3931,234,138,81,0.795,0.706,370,434
Portable Speaker,Audio,2499,1,907,60,24,11,0.696,0.641,102,97
Portable Speaker,Audio,2499,2,1965,158,78,38,0.719,0.916,219,240
Portable Speaker,Audio,2499,3,4054,252,92,51,0.901,0.414,287,328
Portable Speaker,Audio,2499,4,6404,348,139,67,0.635,0.562,455,488
Portable Speaker,Audio,2499,5,1528,73,57,22,0.771,0.635,160,175
Portable Speaker,Audio,2499,6,1710,122,89,29,0.503,0.748,186,205
Portable Speaker,Audio,2499,7,2273,148,61,22,0.522,0.794,204,225
Portable Speaker,Audio,2499,8,3367,158,102,34,0.851,0.546,280,297
Portable Speaker,Audio,2499,9,5280,337,175,73,0.742,0.666,433,509
Portable Speaker,Audio,2499,10,5093,391,129,54,0.771,0.574,413,481
Portable Speaker,Audio,2499,11,2955,179,142,45,0.632,0.249,266,252
Portable Speaker,Audio,2499,12,3330,269,107,57,0.751,0.789,290,348
Portable Speaker,Audio,2499,13,1376,96,51,31,0.657,0.723,145,146
Portable Speaker,Audio,2499,14,4561,309,210,104,0.855,0.558,392,431
Portable Speaker,Audio,2499,15,5116,277,228,103,0.9,0.832,415,512
Portable Speaker,Audio,2499,16,2447,199,96,36,0.805,0.64,244,256
Portable Speaker,Audio,2499,17,3961,181,199,94,0.952,0.756,349,425
Portable Speaker,Audio,2499,18,1454,100,48,29,0.591,0.627,157,175
Portable Speaker,Audio,2499,19,4370,206,132,94,0.831,0.232,316,338
Portable Speaker,Audio,2499,20,3025,190,79,47,0.688,0.601,224,247
Alagon,Lifestyle,1299,1,5350,364,221,43,0.588,0.743,447,505
Alagon,Lifestyle,1299,2,6129,421,125,127,0.746,0.624,457,508
Alagon,Lifestyle,1299,3,522,35,10,11,0.901,0.171,37,25
Alagon,Lifestyle,1299,4,3279,171,163,78,0.537,0.51,274,313
Alagon,Lifestyle,1299,5,422,31,17,3,0.628,0.519,79,73
Alagon,Lifestyle,1299,6,1477,80,32,17,0.812,0.73,149,179
Alagon,Lifestyle,1299,7,4059,230,207,33,0.503,0.968,362,416
Alagon,Lifestyle,1299,8,2773,154,113,41,0.449,0.955,271,306
Alagon,Lifestyle,1299,9,4598,366,165,106,0.676,0.892,438,518
Alagon,Lifestyle,1299,10,1767,138,96,29,0.65,0.51,191,187
Alagon,Lifestyle,1299,11,2142,152,104,24,0.931,0.933,223,278
Alagon,Lifestyle,1299,12,6152,371,228,54,0.787,0.519,487,535
Alagon,Lifestyle,1299,13,1898,107,59,38,0.795,0.334,190,188
Alagon,Lifestyle,1299,14,7047,377,134,87,0.645,0.672,532,593
Alagon,Lifestyle,1299,15,2813,138,58,57,0.977,0.641,211,242
Alagon,Lifestyle,1299,16,6454,469,181,116,0.625,0.605,507,564
Alagon,Lifestyle,1299,17,1652,132,74,35,0.887,0.841,188,227
Alagon,Lifestyle,1299,18,3442,290,182,29,0.776,0.687,341,372
Alagon,Lifestyle,1299,19,5828,424,169,138,0.867,0.636,462,544
Alagon,Lifestyle,1299,20,5365,369,142,53,0.749,0.564,436,470
Travel Charger,Accessories,1799,1,642,42,30,8,0.833,0.701,88,101
Travel Charger,Accessories,1799,2,499,22,25,8,0.653,0.904,131,132
Travel Charger,Accessories,1799,3,6264,474,209,94,0.607,0.793,517,581
Travel Charger,Accessories,1799,4,1906,103,37,15,0.715,0.692,196,199
Travel Charger,Accessories,1799,5,1857,141,39,28,0.98,0.53,189,225
Travel Charger,Accessories,1799,6,3175,165,83,35,0.637,0.864,290,323
Travel Charger,Accessories,1799,7,4145,321,109,48,0.98,0.819,348,423
Travel Charger,Accessories,1799,8,5401,271,274,130,0.757,0.71,463,562
Travel Charger,Accessories,1799,9,857,51,23,17,0.611,0.649,119,107
Travel Charger,Accessories,1799,10,908,58,32,16,0.656,0.838,137,168
Travel Charger,Accessories,1799,11,2296,176,97,51,0.773,0.779,242,285
Travel Charger,Accessories,1799,12,4948,371,118,113,0.698,0.676,415,452
Travel Charger,Accessories,1799,13,1540,120,56,12,0.826,0.382,154,159
Travel Charger,Accessories,1799,14,2163,144,101,21,0.752,0.934,232,276
Travel Charger,Accessories,1799,15,5206,255,274,102,0.696,0.577,431,486
Travel Charger,Accessories,1799,16,4113,287,80,93,0.647,0.718,352,388
Travel Charger,Accessories,1799,17,4968,277,272,75,0.56,0.618,439,493
Travel Charger,Accessories,1799,18,1657,119,69,20,0.805,0.632,199,201
Travel Charger,Accessories,1799,19,2937,247,97,68,0.628,0.53,268,279
Travel Charger,Accessories,1799,20,3302,211,177,36,0.765,0.732,322,374
